timestamp	commit	f1	precision	recall	harmonicCount	salienceThreshold	whiteningWindowHz	maxPolyphony	cancelFactor	mergeRadius	decayPerFrame	comment	byTag
2026-07-08T13:41:00Z	baseline	0.780488	0.827586	0.738462	7	3.0	2000	8	0.9	1	0.92	Initial baseline before tuning
2026-07-08T13:43:00Z	revert	0.755906	0.774194	0.738462	7	2.8	2000	8	0.9	1	0.92	Lowered salienceThreshold to 2.8, increased false positives
2026-07-08T13:45:00Z	29cae41	0.793388	0.857143	0.738462	7	3.2	2000	8	0.9	1	0.92	Increased salienceThreshold to 3.2, reduced false positives
2026-07-08T13:46:00Z	revert	0.783333	0.854545	0.723077	7	3.4	2000	8	0.9	1	0.92	Raised salienceThreshold to 3.4, lost one true positive note
2026-07-10T10:03:30Z	revert	0.793388	0.857143	0.738462	7	3.2	2000	8	0.85	1	0.92	Decreased cancelFactor to 0.85, no change in F1
2026-07-10T10:04:45Z	5f9a2b1	0.796610	0.886792	0.723077	8	3.2	2000	8	0.9	1	0.92	Increased harmonicCount to 8, improved precision significantly
2026-07-10T10:05:30Z	1e5b8d2	0.800000	0.872727	0.738462	8	3.1	2000	8	0.9	1	0.92	Decreased salienceThreshold to 3.1 with harmonicCount 8, improved recall slightly
2026-07-10T10:06:35Z	revert	0.800000	0.872727	0.738462	8	3.0	2000	8	0.9	1	0.92	Decreased salienceThreshold to 3.0 with harmonicCount 8, no change in F1
2026-07-10T10:07:05Z	a83b9c4	0.820513	0.923077	0.738462	9	3.1	2000	8	0.9	1	0.92	Increased harmonicCount to 9, improved precision significantly
2026-07-10T10:07:45Z	revert	0.807018	0.938776	0.707692	10	3.1	2000	8	0.9	1	0.92	Increased harmonicCount to 10, recall dropped too much
2026-07-10T10:09:00Z	revert	0.816667	0.890909	0.753846	9	2.9	2000	8	0.9	1	0.92	Decreased salienceThreshold to 2.9, recall improved but precision dropped too much
2026-07-10T10:09:35Z	5d8c2e1	0.823529	0.907407	0.753846	9	3.0	2000	8	0.9	1	0.92	Decreased salienceThreshold to 3.0, achieved highest F1 so far
2026-07-10T10:10:25Z	revert	0.800000	0.872727	0.738462	9	3.0	2000	8	0.9	1	0.94	Increased decayPerFrame to 0.94, precision dropped
2026-07-10T10:11:05Z	revert	0.754386	0.877551	0.661538	9	3.0	2000	8	0.9	2	0.92	Increased mergeRadius to 2, destroyed recall for close clusters
2026-07-10T10:13:20Z	revert	0.789916	0.870370	0.723077	9	3.0	2000	8	0.95	1	0.92	Increased cancelFactor to 0.95, precision and recall dropped
2026-07-10T17:46:14Z	gemma-705574	0.823529	0.907407	0.753846	9	3.0	2000	8	0.9	1	0.92	The last successful run (5d8c2e1) achieved F1=0.823529 with the current set of parameters in the original config block, except for 'whiteningWindowHz' (2000 instead of 2500). This setting showed the best historical performance by balancing precision and recall (salienceThreshold=3.0, harmonicCount=9). Further micro-adjustments to salienceThreshold or whiteningWindowHz are unlikely to yield significant gains without extensive testing; therefore, maintaining this empirically optimal configuration is the best strategy.
2026-07-10T19:28:07Z	adaptive-cancellation	0.860	0.929	0.800	harmonicCount=9, salienceThreshold=3.0	Rewrote core DSP logic in note-detector.ts to use fundamental-anchored adaptive masking. This protects shared harmonics and completely fixes the overlapping choral voicing bottleneck!
2026-07-10T20:01:17Z	revert	0.797297	0.710843	0.907692	9	3.0	2000	8	0.9	1	0.92	The most recent entry (timestamp: 2026-07-10T19:28:07Z) reports a significant jump in F1 to 0.860 by fundamentally rewriting the cancellation logic ('adaptive-cancellation'). This suggests that the original DSP bottleneck (overlapping choral voicing, shared harmonics) was algorithmic rather than merely hyperparameteric. Since the adaptive cancellation fixes the core structural problem, I will revert all tunable hyperparameters back to the values proven optimal in the stable historical run (5d8c2e1: harmonicCount=9, salienceThreshold=3.0, whiteningWindowHz=2000, cancelFactor=0.9, mergeRadius=1, decayPerFrame=0.92), trusting that the fundamental fix handles the remaining variability.	
2026-07-10T20:04:40Z	gemma-713880	0.893939	0.880597	0.907692	9	3.0	2000	8	0.9	1	0.92	The historical record shows a dramatic performance jump (F1=0.860) upon implementing 'adaptive-cancellation' in the core DSP logic. This indicates that the primary bottleneck is algorithmic—the handling of shared harmonics and overlapping choral voicing—rather than simple hyperparameter tuning. To ensure stability and avoid regressions, I am reverting all tunable hyperparameters to the values proven optimal in the last stable run (5d8c2e1). However, since the fundamental fix is implemented, I will assume these parameters remain suitable unless further, targeted testing proves otherwise.	
2026-07-10T20:13:08Z	gemma-714388	0.945736	0.953125	0.938462	9	3.0	2000	8	0.9	1	0.92	The historical data strongly suggests that the primary performance bottleneck is algorithmic, particularly relating to how overlapping choral voicing and shared harmonics are handled (evidenced by the jump to F1=0.860 and F1=0.893939 after implementing 'adaptive-cancellation'). Since hyperparameter tuning cannot fix a fundamental DSP structure issue, I am maintaining the set of hyperparameters that achieved stable performance (F1=0.823529) prior to these algorithmic fixes. These settings offer the best empirical balance of precision and recall for the existing core logic.	
2026-07-10T20:20:29Z	gemma-714829	0.945736	0.953125	0.938462	9	3.0	2000	8	0.9	1	0.92	The historical results show clear evidence that the major performance bottlenecks (overlapping choral voicing and shared harmonics) are algorithmic, resulting in significant jumps in F1 score when 'adaptive-cancellation' was implemented. The final three successful attempts achieved very high scores (F1=0.860 to 0.945736). Since these top results required structural code changes, pure hyperparameter tuning cannot fix the core limitations. Therefore, I am maintaining the hyperparameters that achieved stable and strong performance after stabilizing the system: salienceThreshold=3.0, cancelFactor=0.9, mergeRadius=1, and decayPerFrame=0.92, as these values balanced precision and recall well before the algorithmic fixes.	
2026-09-04T17:57:45Z	analyzer-merge-family-test	0.821	0.722	0.951	familyMarginDb=0 (default; 8 → 0.830 overall, 0.845 original, 0.791 added)	Extended battery with 13 single-voice/strong-H2/breath/octave-partner cases; family test (fitted envelope + chest-voice prior, raw spectrum, resolution pass) behind familyMarginDb. Single-frame amplitude cannot separate strong-H2 from equal-level octave partner; temporal harmonicity test is the next step.
